Electron density <n>,                             0.7523577494                                      
Double occupancy <n+ n->,                         0.03721244197                                     
Hkin,                                             -48.79779961                                      
Average sign,                                     0.4166666667                                      
