Electron density <n>,                             0.7040521286                                      
Double occupancy <n+ n->,                         0.03302498666                                     
Hkin,                                             -44.61544107                                      
Average sign,                                     0.70703125                                        
