Electron density <n>,                             0.7393330688                                      
Double occupancy <n+ n->,                         0.0463744296                                      
Hkin,                                             -52.30185663                                      
Average sign,                                     0.3541666667                                      
