Electron density <n>,                             0.6827774685                                      
Double occupancy <n+ n->,                         0.0410064847                                      
Hkin,                                             28.71852836                                       
Average sign,                                     0.2434895833                                      
