Electron density <n>,                             0.60013485                                        
Double occupancy <n+ n->,                         0.03540595657                                     
Hkin,                                             -39.72683856                                      
Average sign,                                     0.5286458333                                      
