Electron density <n>,                             0.4462648383                                      
Double occupancy <n+ n->,                         0.02811502047                                     
Hkin,                                             -30.61584956                                      
Average sign,                                     0.5729166667                                      
