Electron density <n>,                             0.7497809734                                      
Double occupancy <n+ n->,                         0.04726954392                                     
Hkin,                                             -51.48358723                                      
Average sign,                                     0.5580357143                                      
