Electron density <n>,                             0.7569201712                                      
Double occupancy <n+ n->,                         0.04746562585                                     
Hkin,                                             -51.57261162                                      
Average sign,                                     0.2760416667                                      
