Electron density <n>,                             0.6689461818                                      
Double occupancy <n+ n->,                         0.0578048706                                      
Hkin,                                             27.38845808                                       
Average sign,                                     0.4036458333                                      
