Electron density <n>,                             0.7011515774                                      
Double occupancy <n+ n->,                         0.03125118945                                     
Hkin,                                             -43.05880145                                      
Average sign,                                     0.57421875                                        
