Electron density <n>,                             0.7017825321                                      
Double occupancy <n+ n->,                         0.03406131358                                     
Hkin,                                             -45.91746679                                      
Average sign,                                     0.8854166667                                      
