Electron density <n>,                             0.7269298388                                      
Double occupancy <n+ n->,                         0.04537580865                                     
Hkin,                                             -50.80888468                                      
Average sign,                                     0.7057291667                                      
