Electron density <n>,                             0.7154225894                                      
Double occupancy <n+ n->,                         0.04505820133                                     
Hkin,                                             -48.79167452                                      
Average sign,                                     0.33203125                                        
