Electron density <n>,                             -0.4053708375                                     
Double occupancy <n+ n->,                         -0.02282155668                                    
Hkin,                                             25.37176681                                       
Average sign,                                     0.1354166667                                      
